-- 15 produits de quincaillerie camerounaise (prix en FCFA)
INSERT INTO produits (id, nom, stock, prix_unitaire) VALUES
    ('10000000-0000-0000-0000-000000000001', 'Savon de Marseille (barre)', 300, 500),
    ('10000000-0000-0000-0000-000000000002', 'Ciment CIMENCAM (sac 50kg)', 150, 6500),
    ('10000000-0000-0000-0000-000000000003', 'Tôles ondulées (feuille 2m)', 80, 4500),
    ('10000000-0000-0000-0000-000000000004', 'Clous (kg)', 200, 800),
    ('10000000-0000-0000-0000-000000000005', 'Peinture Seigneurie (pot 4L)', 40, 12000),
    ('10000000-0000-0000-0000-000000000006', 'Fer à béton 12mm (barre 6m)', 100, 5500),
    ('10000000-0000-0000-0000-000000000007', 'Sable de rivière (sac 25kg)', 250, 1500),
    ('10000000-0000-0000-0000-000000000008', 'Gravier (sac 25kg)', 200, 2000),
    ('10000000-0000-0000-0000-000000000009', 'Contreplaqué (feuille 2440x1220)', 60, 9000),
    ('10000000-0000-0000-0000-000000000010', 'Vis à bois (boîte de 100)', 180, 1200),
    ('10000000-0000-0000-0000-000000000011', 'Câble électrique 2.5mm (rouleau 50m)', 45, 15000),
    ('10000000-0000-0000-0000-000000000012', 'Tuyau PVC 100mm (barre 3m)', 90, 2500),
    ('10000000-0000-0000-0000-000000000013', 'Cadenas robuste', 120, 1800),
    ('10000000-0000-0000-0000-000000000014', 'Ampoule LED 12W', 400, 700),
    ('10000000-0000-0000-0000-000000000015', 'Brouette de chantier', 25, 25000);

-- 8 clients
INSERT INTO clients (id, nom, telephone, credit_en_cours) VALUES
    ('20000000-0000-0000-0000-000000000001', 'Mme Ngo', '+237677123456', 35000),
    ('20000000-0000-0000-0000-000000000002', 'M. Fotso', '+237699112233', 0),
    ('20000000-0000-0000-0000-000000000003', 'Mme Biya', '+237655223344', 12000),
    ('20000000-0000-0000-0000-000000000004', 'M. Talla', '+237677334455', 0),
    ('20000000-0000-0000-0000-000000000005', 'Mme Kamga', '+237699445566', 5000),
    ('20000000-0000-0000-0000-000000000006', 'M. Nkolo', '+237655556677', 0),
    ('20000000-0000-0000-0000-000000000007', 'Mme Etoundi', '+237677667788', 8000),
    ('20000000-0000-0000-0000-000000000008', 'M. Mballa', '+237699778899', 0);

-- 12 commandes d'historique
INSERT INTO commandes (id, client_id, statut, date_creation, montant_total) VALUES
    ('30000000-0000-0000-0000-000000000001', '20000000-0000-0000-0000-000000000001', 'LIVREE',  '2025-03-01 09:15:00', 17000),
    ('30000000-0000-0000-0000-000000000002', '20000000-0000-0000-0000-000000000001', 'LIVREE',  '2025-04-15 11:30:00', 14100),
    ('30000000-0000-0000-0000-000000000003', '20000000-0000-0000-0000-000000000001', 'LIVREE',  '2025-05-20 14:00:00', 45000),
    ('30000000-0000-0000-0000-000000000004', '20000000-0000-0000-0000-000000000001', 'PAYEE',   '2025-06-10 08:45:00', 25000),
    ('30000000-0000-0000-0000-000000000005', '20000000-0000-0000-0000-000000000002', 'LIVREE',  '2025-05-01 10:00:00', 17500),
    ('30000000-0000-0000-0000-000000000006', '20000000-0000-0000-0000-000000000002', 'LIVREE',  '2025-06-01 16:20:00', 15000),
    ('30000000-0000-0000-0000-000000000007', '20000000-0000-0000-0000-000000000003', 'LIVREE',  '2025-04-10 13:10:00', 42000),
    ('30000000-0000-0000-0000-000000000008', '20000000-0000-0000-0000-000000000003', 'REJETEE', '2025-06-20 09:00:00', 5500),
    ('30000000-0000-0000-0000-000000000009', '20000000-0000-0000-0000-000000000004', 'LIVREE',  '2025-05-15 15:30:00', 11100),
    ('30000000-0000-0000-0000-000000000010', '20000000-0000-0000-0000-000000000005', 'LIVREE',  '2025-06-05 12:00:00', 7800),
    ('30000000-0000-0000-0000-000000000011', '20000000-0000-0000-0000-000000000006', 'LIVREE',  '2025-06-25 17:45:00', 14500),
    ('30000000-0000-0000-0000-000000000012', '20000000-0000-0000-0000-000000000007', 'LIVREE',  '2025-07-01 10:30:00', 18000);

-- Lignes de commande correspondantes
INSERT INTO lignes_commande (commande_id, produit_id, quantite, prix_unitaire) VALUES
    -- o1 : Mme Ngo - ciment + clous = 17000
    ('30000000-0000-0000-0000-000000000001', '10000000-0000-0000-0000-000000000002', 2, 6500),
    ('30000000-0000-0000-0000-000000000001', '10000000-0000-0000-0000-000000000004', 5, 800),
    -- o2 : Mme Ngo - peinture + ampoules = 14100
    ('30000000-0000-0000-0000-000000000002', '10000000-0000-0000-0000-000000000005', 1, 12000),
    ('30000000-0000-0000-0000-000000000002', '10000000-0000-0000-0000-000000000014', 3, 700),
    -- o3 : Mme Ngo - tôles = 45000
    ('30000000-0000-0000-0000-000000000003', '10000000-0000-0000-0000-000000000003', 10, 4500),
    -- o4 : Mme Ngo - brouette = 25000
    ('30000000-0000-0000-0000-000000000004', '10000000-0000-0000-0000-000000000015', 1, 25000),
    -- o5 : Fotso - sable + gravier = 17500
    ('30000000-0000-0000-0000-000000000005', '10000000-0000-0000-0000-000000000007', 5, 1500),
    ('30000000-0000-0000-0000-000000000005', '10000000-0000-0000-0000-000000000008', 5, 2000),
    -- o6 : Fotso - câble électrique = 15000
    ('30000000-0000-0000-0000-000000000006', '10000000-0000-0000-0000-000000000011', 1, 15000),
    -- o7 : Biya - contreplaqué + vis = 42000
    ('30000000-0000-0000-0000-000000000007', '10000000-0000-0000-0000-000000000009', 2, 9000),
    ('30000000-0000-0000-0000-000000000007', '10000000-0000-0000-0000-000000000010', 20, 1200),
    -- o8 : Biya - fer à béton (rejetée) = 5500
    ('30000000-0000-0000-0000-000000000008', '10000000-0000-0000-0000-000000000006', 1, 5500),
    -- o9 : Talla - tuyau PVC + cadenas = 11100
    ('30000000-0000-0000-0000-000000000009', '10000000-0000-0000-0000-000000000012', 3, 2500),
    ('30000000-0000-0000-0000-000000000009', '10000000-0000-0000-0000-000000000013', 2, 1800),
    -- o10 : Kamga - savon + ampoules = 7800
    ('30000000-0000-0000-0000-000000000010', '10000000-0000-0000-0000-000000000001', 10, 500),
    ('30000000-0000-0000-0000-000000000010', '10000000-0000-0000-0000-000000000014', 4, 700),
    -- o11 : Nkolo - ciment + clous = 14500
    ('30000000-0000-0000-0000-000000000011', '10000000-0000-0000-0000-000000000002', 1, 6500),
    ('30000000-0000-0000-0000-000000000011', '10000000-0000-0000-0000-000000000004', 10, 800),
    -- o12 : Etoundi - peinture + vis = 18000
    ('30000000-0000-0000-0000-000000000012', '10000000-0000-0000-0000-000000000005', 1, 12000),
    ('30000000-0000-0000-0000-000000000012', '10000000-0000-0000-0000-000000000010', 5, 1200);
